Built,n,prop
4.2.0,25,0.10548523206751055
4.2.1,212,0.8945147679324894
